assembly,seed,clusterer,seqtype,combo,n_original_genes,n_genes_kept,n_genes_deleted,deleted_pct
PROKKA_06122025__gr_1e-12_lr_1e-13_mu_1e-14,34,panx,aa,panx/aa,6389,5849,540,8.452026921270935
PROKKA_06122025__gr_1e-12_lr_1e-13_mu_1e-14,34,cdhit,aa,cdhit/aa,6389,6389,0,0.0
PROKKA_06122025__gr_1e-12_lr_1e-13_mu_1e-14,34,diamond,aa,diamond/aa,6389,6389,0,0.0
PROKKA_06122025__gr_1e-12_lr_1e-13_mu_1e-14,34,hdbscan_dist,nt,hdbscan_dist/nt,6389,6389,0,0.0
PROKKA_06122025__gr_1e-12_lr_1e-13_mu_1e-14,34,hdbscan_tsne,nt,hdbscan_tsne/nt,6389,6389,0,0.0
PROKKA_06122025__gr_1e-12_lr_1e-13_mu_1e-14,34,hdbscan_umap,nt,hdbscan_umap/nt,6389,6389,0,0.0
PROKKA_06122025__gr_1e-12_lr_1e-13_mu_1e-14,34,ppanggolin,aa,ppanggolin/aa,6389,5949,440,6.886836750665205
PROKKA_06122025__gr_1e-12_lr_1e-13_mu_1e-14,34,panaroo,aa,panaroo/aa,6389,5949,440,6.886836750665205
PROKKA_06122025__gr_1e-12_lr_1e-13_mu_1e-14,34,embed_hdbscan_raw,aa,embed_hdbscan_raw/aa,6389,6389,0,0.0
PROKKA_06122025__gr_1e-12_lr_1e-13_mu_1e-14,34,embed_hdbscan_tsne,aa,embed_hdbscan_tsne/aa,6389,6389,0,0.0
PROKKA_06122025__gr_1e-12_lr_1e-13_mu_1e-14,34,embed_hdbscan_umap,aa,embed_hdbscan_umap/aa,6389,6389,0,0.0
PROKKA_06122025__gr_1e-12_lr_1e-13_mu_1e-14,34,mmseqs2,aa,mmseqs2/aa,6389,6389,0,0.0
PROKKA_06122025__gr_1e-12_lr_1e-13_mu_1e-14,34,panta,aa,panta/aa,6389,5892,497,7.778995147910471
PROKKA_06122025__gr_1e-12_lr_1e-13_mu_1e-14,34,hdbscan_dist,aa,hdbscan_dist/aa,6389,6389,0,0.0
PROKKA_06122025__gr_1e-12_lr_1e-13_mu_1e-14,34,hdbscan_tsne,aa,hdbscan_tsne/aa,6389,6389,0,0.0
PROKKA_06122025__gr_1e-12_lr_1e-13_mu_1e-14,34,hdbscan_umap,aa,hdbscan_umap/aa,6389,6389,0,0.0
PROKKA_06122025__gr_1e-12_lr_1e-13_mu_1e-14,34,cdhit,nt,cdhit/nt,6389,6389,0,0.0
PROKKA_06122025__gr_1e-12_lr_1e-13_mu_1e-14,34,mmseqs2,nt,mmseqs2/nt,6389,6389,0,0.0
PROKKA_06122025__gr_1e-12_lr_1e-13_mu_1e-14,1274,panx,aa,panx/aa,6615,6142,473,7.1504157218442925
PROKKA_06122025__gr_1e-12_lr_1e-13_mu_1e-14,1274,cdhit,aa,cdhit/aa,6615,6615,0,0.0
PROKKA_06122025__gr_1e-12_lr_1e-13_mu_1e-14,1274,diamond,aa,diamond/aa,6615,6615,0,0.0
PROKKA_06122025__gr_1e-12_lr_1e-13_mu_1e-14,1274,hdbscan_dist,nt,hdbscan_dist/nt,6615,6615,0,0.0
PROKKA_06122025__gr_1e-12_lr_1e-13_mu_1e-14,1274,hdbscan_tsne,nt,hdbscan_tsne/nt,6615,6615,0,0.0
PROKKA_06122025__gr_1e-12_lr_1e-13_mu_1e-14,1274,hdbscan_umap,nt,hdbscan_umap/nt,6615,6615,0,0.0
PROKKA_06122025__gr_1e-12_lr_1e-13_mu_1e-14,1274,ppanggolin,aa,ppanggolin/aa,6615,6247,368,5.5631141345427055
PROKKA_06122025__gr_1e-12_lr_1e-13_mu_1e-14,1274,panaroo,aa,panaroo/aa,6615,6247,368,5.5631141345427055
PROKKA_06122025__gr_1e-12_lr_1e-13_mu_1e-14,1274,embed_hdbscan_raw,aa,embed_hdbscan_raw/aa,6615,6615,0,0.0
PROKKA_06122025__gr_1e-12_lr_1e-13_mu_1e-14,1274,embed_hdbscan_tsne,aa,embed_hdbscan_tsne/aa,6615,6615,0,0.0
PROKKA_06122025__gr_1e-12_lr_1e-13_mu_1e-14,1274,embed_hdbscan_umap,aa,embed_hdbscan_umap/aa,6615,6615,0,0.0
PROKKA_06122025__gr_1e-12_lr_1e-13_mu_1e-14,1274,mmseqs2,aa,mmseqs2/aa,6615,6615,0,0.0
PROKKA_06122025__gr_1e-12_lr_1e-13_mu_1e-14,1274,panta,aa,panta/aa,6615,6203,412,6.2282690854119425
PROKKA_06122025__gr_1e-12_lr_1e-13_mu_1e-14,1274,hdbscan_dist,aa,hdbscan_dist/aa,6615,6615,0,0.0
PROKKA_06122025__gr_1e-12_lr_1e-13_mu_1e-14,1274,hdbscan_tsne,aa,hdbscan_tsne/aa,6615,6615,0,0.0
PROKKA_06122025__gr_1e-12_lr_1e-13_mu_1e-14,1274,hdbscan_umap,aa,hdbscan_umap/aa,6615,6615,0,0.0
PROKKA_06122025__gr_1e-12_lr_1e-13_mu_1e-14,1274,cdhit,nt,cdhit/nt,6615,6615,0,0.0
PROKKA_06122025__gr_1e-12_lr_1e-13_mu_1e-14,1274,mmseqs2,nt,mmseqs2/nt,6615,6615,0,0.0
PROKKA_06122025__gr_1e-12_lr_1e-13_mu_1e-14,1681,panx,aa,panx/aa,6546,6096,450,6.8744271310724105
PROKKA_06122025__gr_1e-12_lr_1e-13_mu_1e-14,1681,cdhit,aa,cdhit/aa,6546,6546,0,0.0
PROKKA_06122025__gr_1e-12_lr_1e-13_mu_1e-14,1681,diamond,aa,diamond/aa,6546,6546,0,0.0
PROKKA_06122025__gr_1e-12_lr_1e-13_mu_1e-14,1681,hdbscan_dist,nt,hdbscan_dist/nt,6546,6546,0,0.0
PROKKA_06122025__gr_1e-12_lr_1e-13_mu_1e-14,1681,hdbscan_tsne,nt,hdbscan_tsne/nt,6546,6546,0,0.0
PROKKA_06122025__gr_1e-12_lr_1e-13_mu_1e-14,1681,hdbscan_umap,nt,hdbscan_umap/nt,6546,6546,0,0.0
PROKKA_06122025__gr_1e-12_lr_1e-13_mu_1e-14,1681,ppanggolin,aa,ppanggolin/aa,6546,6139,407,6.217537427436603
PROKKA_06122025__gr_1e-12_lr_1e-13_mu_1e-14,1681,panaroo,aa,panaroo/aa,6546,6139,407,6.217537427436603
PROKKA_06122025__gr_1e-12_lr_1e-13_mu_1e-14,1681,embed_hdbscan_raw,aa,embed_hdbscan_raw/aa,6546,6546,0,0.0
PROKKA_06122025__gr_1e-12_lr_1e-13_mu_1e-14,1681,embed_hdbscan_tsne,aa,embed_hdbscan_tsne/aa,6546,6546,0,0.0
PROKKA_06122025__gr_1e-12_lr_1e-13_mu_1e-14,1681,embed_hdbscan_umap,aa,embed_hdbscan_umap/aa,6546,6546,0,0.0
PROKKA_06122025__gr_1e-12_lr_1e-13_mu_1e-14,1681,mmseqs2,aa,mmseqs2/aa,6546,6546,0,0.0
PROKKA_06122025__gr_1e-12_lr_1e-13_mu_1e-14,1681,panta,aa,panta/aa,6546,6091,455,6.950809654750993
PROKKA_06122025__gr_1e-12_lr_1e-13_mu_1e-14,1681,hdbscan_dist,aa,hdbscan_dist/aa,6546,6546,0,0.0
PROKKA_06122025__gr_1e-12_lr_1e-13_mu_1e-14,1681,hdbscan_tsne,aa,hdbscan_tsne/aa,6546,6546,0,0.0
PROKKA_06122025__gr_1e-12_lr_1e-13_mu_1e-14,1681,hdbscan_umap,aa,hdbscan_umap/aa,6546,6546,0,0.0
PROKKA_06122025__gr_1e-12_lr_1e-13_mu_1e-14,1681,cdhit,nt,cdhit/nt,6546,6546,0,0.0
PROKKA_06122025__gr_1e-12_lr_1e-13_mu_1e-14,1681,mmseqs2,nt,mmseqs2/nt,6546,6546,0,0.0
PROKKA_06122025__gr_1e-12_lr_1e-13_mu_1e-14,1894,panx,aa,panx/aa,5622,5292,330,5.869797225186766
PROKKA_06122025__gr_1e-12_lr_1e-13_mu_1e-14,1894,cdhit,aa,cdhit/aa,5622,5622,0,0.0
PROKKA_06122025__gr_1e-12_lr_1e-13_mu_1e-14,1894,diamond,aa,diamond/aa,5622,5622,0,0.0
PROKKA_06122025__gr_1e-12_lr_1e-13_mu_1e-14,1894,hdbscan_dist,nt,hdbscan_dist/nt,5622,5622,0,0.0
PROKKA_06122025__gr_1e-12_lr_1e-13_mu_1e-14,1894,hdbscan_tsne,nt,hdbscan_tsne/nt,5622,5622,0,0.0
PROKKA_06122025__gr_1e-12_lr_1e-13_mu_1e-14,1894,hdbscan_umap,nt,hdbscan_umap/nt,5622,5622,0,0.0
PROKKA_06122025__gr_1e-12_lr_1e-13_mu_1e-14,1894,ppanggolin,aa,ppanggolin/aa,5622,5350,272,4.838135894699396
PROKKA_06122025__gr_1e-12_lr_1e-13_mu_1e-14,1894,panaroo,aa,panaroo/aa,5622,5350,272,4.838135894699396
PROKKA_06122025__gr_1e-12_lr_1e-13_mu_1e-14,1894,embed_hdbscan_raw,aa,embed_hdbscan_raw/aa,5622,5622,0,0.0
PROKKA_06122025__gr_1e-12_lr_1e-13_mu_1e-14,1894,embed_hdbscan_tsne,aa,embed_hdbscan_tsne/aa,5622,5622,0,0.0
PROKKA_06122025__gr_1e-12_lr_1e-13_mu_1e-14,1894,embed_hdbscan_umap,aa,embed_hdbscan_umap/aa,5622,5622,0,0.0
PROKKA_06122025__gr_1e-12_lr_1e-13_mu_1e-14,1894,mmseqs2,aa,mmseqs2/aa,5622,5622,0,0.0
PROKKA_06122025__gr_1e-12_lr_1e-13_mu_1e-14,1894,panta,aa,panta/aa,5622,5322,300,5.3361792956243335
PROKKA_06122025__gr_1e-12_lr_1e-13_mu_1e-14,1894,hdbscan_dist,aa,hdbscan_dist/aa,5622,5622,0,0.0
PROKKA_06122025__gr_1e-12_lr_1e-13_mu_1e-14,1894,hdbscan_tsne,aa,hdbscan_tsne/aa,5622,5622,0,0.0
PROKKA_06122025__gr_1e-12_lr_1e-13_mu_1e-14,1894,hdbscan_umap,aa,hdbscan_umap/aa,5622,5622,0,0.0
PROKKA_06122025__gr_1e-12_lr_1e-13_mu_1e-14,1894,cdhit,nt,cdhit/nt,5622,5622,0,0.0
PROKKA_06122025__gr_1e-12_lr_1e-13_mu_1e-14,1894,mmseqs2,nt,mmseqs2/nt,5622,5622,0,0.0
PROKKA_06122025__gr_1e-12_lr_1e-13_mu_1e-14,5319,panx,aa,panx/aa,5925,5628,297,5.012658227848101
PROKKA_06122025__gr_1e-12_lr_1e-13_mu_1e-14,5319,cdhit,aa,cdhit/aa,5925,5925,0,0.0
PROKKA_06122025__gr_1e-12_lr_1e-13_mu_1e-14,5319,diamond,aa,diamond/aa,5925,5925,0,0.0
PROKKA_06122025__gr_1e-12_lr_1e-13_mu_1e-14,5319,hdbscan_dist,nt,hdbscan_dist/nt,5925,5925,0,0.0
PROKKA_06122025__gr_1e-12_lr_1e-13_mu_1e-14,5319,hdbscan_tsne,nt,hdbscan_tsne/nt,5925,5925,0,0.0
PROKKA_06122025__gr_1e-12_lr_1e-13_mu_1e-14,5319,hdbscan_umap,nt,hdbscan_umap/nt,5925,5925,0,0.0
PROKKA_06122025__gr_1e-12_lr_1e-13_mu_1e-14,5319,ppanggolin,aa,ppanggolin/aa,5925,5676,249,4.2025316455696204
PROKKA_06122025__gr_1e-12_lr_1e-13_mu_1e-14,5319,panaroo,aa,panaroo/aa,5925,5676,249,4.2025316455696204
PROKKA_06122025__gr_1e-12_lr_1e-13_mu_1e-14,5319,embed_hdbscan_raw,aa,embed_hdbscan_raw/aa,5925,5925,0,0.0
PROKKA_06122025__gr_1e-12_lr_1e-13_mu_1e-14,5319,embed_hdbscan_tsne,aa,embed_hdbscan_tsne/aa,5925,5925,0,0.0
PROKKA_06122025__gr_1e-12_lr_1e-13_mu_1e-14,5319,embed_hdbscan_umap,aa,embed_hdbscan_umap/aa,5925,5925,0,0.0
PROKKA_06122025__gr_1e-12_lr_1e-13_mu_1e-14,5319,mmseqs2,aa,mmseqs2/aa,5925,5925,0,0.0
PROKKA_06122025__gr_1e-12_lr_1e-13_mu_1e-14,5319,panta,aa,panta/aa,5925,5635,290,4.89451476793249
PROKKA_06122025__gr_1e-12_lr_1e-13_mu_1e-14,5319,hdbscan_dist,aa,hdbscan_dist/aa,5925,5925,0,0.0
PROKKA_06122025__gr_1e-12_lr_1e-13_mu_1e-14,5319,hdbscan_tsne,aa,hdbscan_tsne/aa,5925,5925,0,0.0
PROKKA_06122025__gr_1e-12_lr_1e-13_mu_1e-14,5319,hdbscan_umap,aa,hdbscan_umap/aa,5925,5925,0,0.0
PROKKA_06122025__gr_1e-12_lr_1e-13_mu_1e-14,5319,cdhit,nt,cdhit/nt,5925,5925,0,0.0
PROKKA_06122025__gr_1e-12_lr_1e-13_mu_1e-14,5319,mmseqs2,nt,mmseqs2/nt,5925,5925,0,0.0
PROKKA_06122025__gr_1e-12_lr_1e-13_mu_1e-14,5455,panx,aa,panx/aa,6603,6274,329,4.982583674087536
PROKKA_06122025__gr_1e-12_lr_1e-13_mu_1e-14,5455,cdhit,aa,cdhit/aa,6603,6603,0,0.0
PROKKA_06122025__gr_1e-12_lr_1e-13_mu_1e-14,5455,diamond,aa,diamond/aa,6603,6603,0,0.0
PROKKA_06122025__gr_1e-12_lr_1e-13_mu_1e-14,5455,hdbscan_dist,nt,hdbscan_dist/nt,6603,6603,0,0.0
PROKKA_06122025__gr_1e-12_lr_1e-13_mu_1e-14,5455,hdbscan_tsne,nt,hdbscan_tsne/nt,6603,6603,0,0.0
PROKKA_06122025__gr_1e-12_lr_1e-13_mu_1e-14,5455,hdbscan_umap,nt,hdbscan_umap/nt,6603,6603,0,0.0
PROKKA_06122025__gr_1e-12_lr_1e-13_mu_1e-14,5455,ppanggolin,aa,ppanggolin/aa,6603,6330,273,4.134484325306679
PROKKA_06122025__gr_1e-12_lr_1e-13_mu_1e-14,5455,panaroo,aa,panaroo/aa,6603,6330,273,4.134484325306679
PROKKA_06122025__gr_1e-12_lr_1e-13_mu_1e-14,5455,embed_hdbscan_raw,aa,embed_hdbscan_raw/aa,6603,6603,0,0.0
PROKKA_06122025__gr_1e-12_lr_1e-13_mu_1e-14,5455,embed_hdbscan_tsne,aa,embed_hdbscan_tsne/aa,6603,6603,0,0.0
PROKKA_06122025__gr_1e-12_lr_1e-13_mu_1e-14,5455,embed_hdbscan_umap,aa,embed_hdbscan_umap/aa,6603,6603,0,0.0
PROKKA_06122025__gr_1e-12_lr_1e-13_mu_1e-14,5455,mmseqs2,aa,mmseqs2/aa,6603,6603,0,0.0
PROKKA_06122025__gr_1e-12_lr_1e-13_mu_1e-14,5455,panta,aa,panta/aa,6603,6297,306,4.634257155838255
PROKKA_06122025__gr_1e-12_lr_1e-13_mu_1e-14,5455,hdbscan_dist,aa,hdbscan_dist/aa,6603,6603,0,0.0
PROKKA_06122025__gr_1e-12_lr_1e-13_mu_1e-14,5455,hdbscan_tsne,aa,hdbscan_tsne/aa,6603,6603,0,0.0
PROKKA_06122025__gr_1e-12_lr_1e-13_mu_1e-14,5455,hdbscan_umap,aa,hdbscan_umap/aa,6603,6603,0,0.0
PROKKA_06122025__gr_1e-12_lr_1e-13_mu_1e-14,5455,cdhit,nt,cdhit/nt,6603,6603,0,0.0
PROKKA_06122025__gr_1e-12_lr_1e-13_mu_1e-14,5455,mmseqs2,nt,mmseqs2/nt,6603,6603,0,0.0
PROKKA_06122025__gr_1e-12_lr_1e-13_mu_1e-14,6032,panx,aa,panx/aa,6790,6328,462,6.804123711340206
PROKKA_06122025__gr_1e-12_lr_1e-13_mu_1e-14,6032,cdhit,aa,cdhit/aa,6790,6790,0,0.0
PROKKA_06122025__gr_1e-12_lr_1e-13_mu_1e-14,6032,diamond,aa,diamond/aa,6790,6790,0,0.0
PROKKA_06122025__gr_1e-12_lr_1e-13_mu_1e-14,6032,hdbscan_dist,nt,hdbscan_dist/nt,6790,6790,0,0.0
PROKKA_06122025__gr_1e-12_lr_1e-13_mu_1e-14,6032,hdbscan_tsne,nt,hdbscan_tsne/nt,6790,6790,0,0.0
PROKKA_06122025__gr_1e-12_lr_1e-13_mu_1e-14,6032,hdbscan_umap,nt,hdbscan_umap/nt,6790,6790,0,0.0
PROKKA_06122025__gr_1e-12_lr_1e-13_mu_1e-14,6032,ppanggolin,aa,ppanggolin/aa,6790,6415,375,5.522827687776141
PROKKA_06122025__gr_1e-12_lr_1e-13_mu_1e-14,6032,panaroo,aa,panaroo/aa,6790,6415,375,5.522827687776141
PROKKA_06122025__gr_1e-12_lr_1e-13_mu_1e-14,6032,embed_hdbscan_raw,aa,embed_hdbscan_raw/aa,6790,6790,0,0.0
PROKKA_06122025__gr_1e-12_lr_1e-13_mu_1e-14,6032,embed_hdbscan_tsne,aa,embed_hdbscan_tsne/aa,6790,6790,0,0.0
PROKKA_06122025__gr_1e-12_lr_1e-13_mu_1e-14,6032,embed_hdbscan_umap,aa,embed_hdbscan_umap/aa,6790,6790,0,0.0
PROKKA_06122025__gr_1e-12_lr_1e-13_mu_1e-14,6032,mmseqs2,aa,mmseqs2/aa,6790,6790,0,0.0
PROKKA_06122025__gr_1e-12_lr_1e-13_mu_1e-14,6032,panta,aa,panta/aa,6790,6389,401,5.905743740795287
PROKKA_06122025__gr_1e-12_lr_1e-13_mu_1e-14,6032,hdbscan_dist,aa,hdbscan_dist/aa,6790,6790,0,0.0
PROKKA_06122025__gr_1e-12_lr_1e-13_mu_1e-14,6032,hdbscan_tsne,aa,hdbscan_tsne/aa,6790,6790,0,0.0
PROKKA_06122025__gr_1e-12_lr_1e-13_mu_1e-14,6032,hdbscan_umap,aa,hdbscan_umap/aa,6790,6790,0,0.0
PROKKA_06122025__gr_1e-12_lr_1e-13_mu_1e-14,6032,cdhit,nt,cdhit/nt,6790,6790,0,0.0
PROKKA_06122025__gr_1e-12_lr_1e-13_mu_1e-14,6032,mmseqs2,nt,mmseqs2/nt,6790,6790,0,0.0
PROKKA_06122025__gr_1e-12_lr_1e-13_mu_1e-14,11998,panx,aa,panx/aa,6962,6314,648,9.307670209709853
PROKKA_06122025__gr_1e-12_lr_1e-13_mu_1e-14,11998,cdhit,aa,cdhit/aa,6962,6962,0,0.0
PROKKA_06122025__gr_1e-12_lr_1e-13_mu_1e-14,11998,diamond,aa,diamond/aa,6962,6962,0,0.0
PROKKA_06122025__gr_1e-12_lr_1e-13_mu_1e-14,11998,hdbscan_dist,nt,hdbscan_dist/nt,6962,6962,0,0.0
PROKKA_06122025__gr_1e-12_lr_1e-13_mu_1e-14,11998,hdbscan_tsne,nt,hdbscan_tsne/nt,6962,6962,0,0.0
PROKKA_06122025__gr_1e-12_lr_1e-13_mu_1e-14,11998,hdbscan_umap,nt,hdbscan_umap/nt,6962,6962,0,0.0
PROKKA_06122025__gr_1e-12_lr_1e-13_mu_1e-14,11998,ppanggolin,aa,ppanggolin/aa,6962,6387,575,8.259120942257972
PROKKA_06122025__gr_1e-12_lr_1e-13_mu_1e-14,11998,panaroo,aa,panaroo/aa,6962,6387,575,8.259120942257972
PROKKA_06122025__gr_1e-12_lr_1e-13_mu_1e-14,11998,embed_hdbscan_raw,aa,embed_hdbscan_raw/aa,6962,6962,0,0.0
PROKKA_06122025__gr_1e-12_lr_1e-13_mu_1e-14,11998,embed_hdbscan_tsne,aa,embed_hdbscan_tsne/aa,6962,6962,0,0.0
PROKKA_06122025__gr_1e-12_lr_1e-13_mu_1e-14,11998,embed_hdbscan_umap,aa,embed_hdbscan_umap/aa,6962,6962,0,0.0
PROKKA_06122025__gr_1e-12_lr_1e-13_mu_1e-14,11998,mmseqs2,aa,mmseqs2/aa,6962,6962,0,0.0
PROKKA_06122025__gr_1e-12_lr_1e-13_mu_1e-14,11998,panta,aa,panta/aa,6962,6339,623,8.948577994829073
PROKKA_06122025__gr_1e-12_lr_1e-13_mu_1e-14,11998,hdbscan_dist,aa,hdbscan_dist/aa,6962,6962,0,0.0
PROKKA_06122025__gr_1e-12_lr_1e-13_mu_1e-14,11998,hdbscan_tsne,aa,hdbscan_tsne/aa,6962,6962,0,0.0
PROKKA_06122025__gr_1e-12_lr_1e-13_mu_1e-14,11998,hdbscan_umap,aa,hdbscan_umap/aa,6962,6962,0,0.0
PROKKA_06122025__gr_1e-12_lr_1e-13_mu_1e-14,11998,cdhit,nt,cdhit/nt,6962,6962,0,0.0
PROKKA_06122025__gr_1e-12_lr_1e-13_mu_1e-14,11998,mmseqs2,nt,mmseqs2/nt,6962,6962,0,0.0
PROKKA_06122025__gr_1e-12_lr_1e-13_mu_1e-14,13478,panx,aa,panx/aa,6175,5844,331,5.3603238866396765
PROKKA_06122025__gr_1e-12_lr_1e-13_mu_1e-14,13478,cdhit,aa,cdhit/aa,6175,6175,0,0.0
PROKKA_06122025__gr_1e-12_lr_1e-13_mu_1e-14,13478,diamond,aa,diamond/aa,6175,6175,0,0.0
PROKKA_06122025__gr_1e-12_lr_1e-13_mu_1e-14,13478,hdbscan_dist,nt,hdbscan_dist/nt,6175,6175,0,0.0
PROKKA_06122025__gr_1e-12_lr_1e-13_mu_1e-14,13478,hdbscan_tsne,nt,hdbscan_tsne/nt,6175,6175,0,0.0
PROKKA_06122025__gr_1e-12_lr_1e-13_mu_1e-14,13478,hdbscan_umap,nt,hdbscan_umap/nt,6175,6175,0,0.0
PROKKA_06122025__gr_1e-12_lr_1e-13_mu_1e-14,13478,ppanggolin,aa,ppanggolin/aa,6175,5897,278,4.502024291497976
PROKKA_06122025__gr_1e-12_lr_1e-13_mu_1e-14,13478,panaroo,aa,panaroo/aa,6175,5897,278,4.502024291497976
PROKKA_06122025__gr_1e-12_lr_1e-13_mu_1e-14,13478,embed_hdbscan_raw,aa,embed_hdbscan_raw/aa,6175,6175,0,0.0
PROKKA_06122025__gr_1e-12_lr_1e-13_mu_1e-14,13478,embed_hdbscan_tsne,aa,embed_hdbscan_tsne/aa,6175,6175,0,0.0
PROKKA_06122025__gr_1e-12_lr_1e-13_mu_1e-14,13478,embed_hdbscan_umap,aa,embed_hdbscan_umap/aa,6175,6175,0,0.0
PROKKA_06122025__gr_1e-12_lr_1e-13_mu_1e-14,13478,mmseqs2,aa,mmseqs2/aa,6175,6175,0,0.0
PROKKA_06122025__gr_1e-12_lr_1e-13_mu_1e-14,13478,panta,aa,panta/aa,6175,5867,308,4.987854251012146
PROKKA_06122025__gr_1e-12_lr_1e-13_mu_1e-14,13478,hdbscan_dist,aa,hdbscan_dist/aa,6175,6175,0,0.0
PROKKA_06122025__gr_1e-12_lr_1e-13_mu_1e-14,13478,hdbscan_tsne,aa,hdbscan_tsne/aa,6175,6175,0,0.0
PROKKA_06122025__gr_1e-12_lr_1e-13_mu_1e-14,13478,hdbscan_umap,aa,hdbscan_umap/aa,6175,6175,0,0.0
PROKKA_06122025__gr_1e-12_lr_1e-13_mu_1e-14,13478,cdhit,nt,cdhit/nt,6175,6175,0,0.0
PROKKA_06122025__gr_1e-12_lr_1e-13_mu_1e-14,13478,mmseqs2,nt,mmseqs2/nt,6175,6175,0,0.0
PROKKA_06122025__gr_1e-12_lr_1e-13_mu_1e-14,14557,panx,aa,panx/aa,5876,5621,255,4.339686861810756
PROKKA_06122025__gr_1e-12_lr_1e-13_mu_1e-14,14557,cdhit,aa,cdhit/aa,5876,5876,0,0.0
PROKKA_06122025__gr_1e-12_lr_1e-13_mu_1e-14,14557,diamond,aa,diamond/aa,5876,5876,0,0.0
PROKKA_06122025__gr_1e-12_lr_1e-13_mu_1e-14,14557,hdbscan_dist,nt,hdbscan_dist/nt,5876,5876,0,0.0
PROKKA_06122025__gr_1e-12_lr_1e-13_mu_1e-14,14557,hdbscan_tsne,nt,hdbscan_tsne/nt,5876,5876,0,0.0
PROKKA_06122025__gr_1e-12_lr_1e-13_mu_1e-14,14557,hdbscan_umap,nt,hdbscan_umap/nt,5876,5876,0,0.0
PROKKA_06122025__gr_1e-12_lr_1e-13_mu_1e-14,14557,ppanggolin,aa,ppanggolin/aa,5876,5687,189,3.2164737916950306
PROKKA_06122025__gr_1e-12_lr_1e-13_mu_1e-14,14557,panaroo,aa,panaroo/aa,5876,5687,189,3.2164737916950306
PROKKA_06122025__gr_1e-12_lr_1e-13_mu_1e-14,14557,embed_hdbscan_raw,aa,embed_hdbscan_raw/aa,5876,5876,0,0.0
PROKKA_06122025__gr_1e-12_lr_1e-13_mu_1e-14,14557,embed_hdbscan_tsne,aa,embed_hdbscan_tsne/aa,5876,5876,0,0.0
PROKKA_06122025__gr_1e-12_lr_1e-13_mu_1e-14,14557,embed_hdbscan_umap,aa,embed_hdbscan_umap/aa,5876,5876,0,0.0
PROKKA_06122025__gr_1e-12_lr_1e-13_mu_1e-14,14557,mmseqs2,aa,mmseqs2/aa,5876,5876,0,0.0
PROKKA_06122025__gr_1e-12_lr_1e-13_mu_1e-14,14557,panta,aa,panta/aa,5876,5645,231,3.931245745405038
PROKKA_06122025__gr_1e-12_lr_1e-13_mu_1e-14,14557,hdbscan_dist,aa,hdbscan_dist/aa,5876,5876,0,0.0
PROKKA_06122025__gr_1e-12_lr_1e-13_mu_1e-14,14557,hdbscan_tsne,aa,hdbscan_tsne/aa,5876,5876,0,0.0
PROKKA_06122025__gr_1e-12_lr_1e-13_mu_1e-14,14557,hdbscan_umap,aa,hdbscan_umap/aa,5876,5876,0,0.0
PROKKA_06122025__gr_1e-12_lr_1e-13_mu_1e-14,14557,cdhit,nt,cdhit/nt,5876,5876,0,0.0
PROKKA_06122025__gr_1e-12_lr_1e-13_mu_1e-14,14557,mmseqs2,nt,mmseqs2/nt,5876,5876,0,0.0
PROKKA_06122025__gr_1e-12_lr_1e-13_mu_1e-14,14720,panx,aa,panx/aa,5542,5277,265,4.781667268134247
PROKKA_06122025__gr_1e-12_lr_1e-13_mu_1e-14,14720,cdhit,aa,cdhit/aa,5542,5542,0,0.0
PROKKA_06122025__gr_1e-12_lr_1e-13_mu_1e-14,14720,diamond,aa,diamond/aa,5542,5542,0,0.0
PROKKA_06122025__gr_1e-12_lr_1e-13_mu_1e-14,14720,hdbscan_dist,nt,hdbscan_dist/nt,5542,5542,0,0.0
PROKKA_06122025__gr_1e-12_lr_1e-13_mu_1e-14,14720,hdbscan_tsne,nt,hdbscan_tsne/nt,5542,5542,0,0.0
PROKKA_06122025__gr_1e-12_lr_1e-13_mu_1e-14,14720,hdbscan_umap,nt,hdbscan_umap/nt,5542,5542,0,0.0
PROKKA_06122025__gr_1e-12_lr_1e-13_mu_1e-14,14720,ppanggolin,aa,ppanggolin/aa,5542,5353,189,3.410321183688199
PROKKA_06122025__gr_1e-12_lr_1e-13_mu_1e-14,14720,panaroo,aa,panaroo/aa,5542,5353,189,3.410321183688199
PROKKA_06122025__gr_1e-12_lr_1e-13_mu_1e-14,14720,embed_hdbscan_raw,aa,embed_hdbscan_raw/aa,5542,5542,0,0.0
PROKKA_06122025__gr_1e-12_lr_1e-13_mu_1e-14,14720,embed_hdbscan_tsne,aa,embed_hdbscan_tsne/aa,5542,5542,0,0.0
PROKKA_06122025__gr_1e-12_lr_1e-13_mu_1e-14,14720,embed_hdbscan_umap,aa,embed_hdbscan_umap/aa,5542,5542,0,0.0
PROKKA_06122025__gr_1e-12_lr_1e-13_mu_1e-14,14720,mmseqs2,aa,mmseqs2/aa,5542,5542,0,0.0
PROKKA_06122025__gr_1e-12_lr_1e-13_mu_1e-14,14720,panta,aa,panta/aa,5542,5317,225,4.05990617105738
PROKKA_06122025__gr_1e-12_lr_1e-13_mu_1e-14,14720,hdbscan_dist,aa,hdbscan_dist/aa,5542,5542,0,0.0
PROKKA_06122025__gr_1e-12_lr_1e-13_mu_1e-14,14720,hdbscan_tsne,aa,hdbscan_tsne/aa,5542,5542,0,0.0
PROKKA_06122025__gr_1e-12_lr_1e-13_mu_1e-14,14720,hdbscan_umap,aa,hdbscan_umap/aa,5542,5542,0,0.0
PROKKA_06122025__gr_1e-12_lr_1e-13_mu_1e-14,14720,cdhit,nt,cdhit/nt,5542,5542,0,0.0
PROKKA_06122025__gr_1e-12_lr_1e-13_mu_1e-14,14720,mmseqs2,nt,mmseqs2/nt,5542,5542,0,0.0
PROKKA_06122025__gr_1e-12_lr_1e-13_mu_1e-14,14928,panx,aa,panx/aa,5157,5042,115,2.229978669769246
PROKKA_06122025__gr_1e-12_lr_1e-13_mu_1e-14,14928,cdhit,aa,cdhit/aa,5157,5157,0,0.0
PROKKA_06122025__gr_1e-12_lr_1e-13_mu_1e-14,14928,diamond,aa,diamond/aa,5157,5157,0,0.0
PROKKA_06122025__gr_1e-12_lr_1e-13_mu_1e-14,14928,hdbscan_dist,nt,hdbscan_dist/nt,5157,5157,0,0.0
PROKKA_06122025__gr_1e-12_lr_1e-13_mu_1e-14,14928,hdbscan_tsne,nt,hdbscan_tsne/nt,5157,5157,0,0.0
PROKKA_06122025__gr_1e-12_lr_1e-13_mu_1e-14,14928,hdbscan_umap,nt,hdbscan_umap/nt,5157,5157,0,0.0
PROKKA_06122025__gr_1e-12_lr_1e-13_mu_1e-14,14928,ppanggolin,aa,ppanggolin/aa,5157,5078,79,1.531898390537134
PROKKA_06122025__gr_1e-12_lr_1e-13_mu_1e-14,14928,panaroo,aa,panaroo/aa,5157,5078,79,1.531898390537134
PROKKA_06122025__gr_1e-12_lr_1e-13_mu_1e-14,14928,embed_hdbscan_raw,aa,embed_hdbscan_raw/aa,5157,5157,0,0.0
PROKKA_06122025__gr_1e-12_lr_1e-13_mu_1e-14,14928,embed_hdbscan_tsne,aa,embed_hdbscan_tsne/aa,5157,5157,0,0.0
PROKKA_06122025__gr_1e-12_lr_1e-13_mu_1e-14,14928,embed_hdbscan_umap,aa,embed_hdbscan_umap/aa,5157,5157,0,0.0
PROKKA_06122025__gr_1e-12_lr_1e-13_mu_1e-14,14928,mmseqs2,aa,mmseqs2/aa,5157,5157,0,0.0
PROKKA_06122025__gr_1e-12_lr_1e-13_mu_1e-14,14928,panta,aa,panta/aa,5157,5052,105,2.036067481093659
PROKKA_06122025__gr_1e-12_lr_1e-13_mu_1e-14,14928,hdbscan_dist,aa,hdbscan_dist/aa,5157,5157,0,0.0
PROKKA_06122025__gr_1e-12_lr_1e-13_mu_1e-14,14928,hdbscan_tsne,aa,hdbscan_tsne/aa,5157,5157,0,0.0
PROKKA_06122025__gr_1e-12_lr_1e-13_mu_1e-14,14928,hdbscan_umap,aa,hdbscan_umap/aa,5157,5157,0,0.0
PROKKA_06122025__gr_1e-12_lr_1e-13_mu_1e-14,14928,cdhit,nt,cdhit/nt,5157,5157,0,0.0
PROKKA_06122025__gr_1e-12_lr_1e-13_mu_1e-14,14928,mmseqs2,nt,mmseqs2/nt,5157,5157,0,0.0
PROKKA_06122025__gr_1e-12_lr_1e-13_mu_1e-14,21708,panx,aa,panx/aa,5788,5472,316,5.459571527297857
PROKKA_06122025__gr_1e-12_lr_1e-13_mu_1e-14,21708,cdhit,aa,cdhit/aa,5788,5788,0,0.0
PROKKA_06122025__gr_1e-12_lr_1e-13_mu_1e-14,21708,diamond,aa,diamond/aa,5788,5788,0,0.0
PROKKA_06122025__gr_1e-12_lr_1e-13_mu_1e-14,21708,hdbscan_dist,nt,hdbscan_dist/nt,5788,5788,0,0.0
PROKKA_06122025__gr_1e-12_lr_1e-13_mu_1e-14,21708,hdbscan_tsne,nt,hdbscan_tsne/nt,5788,5788,0,0.0
PROKKA_06122025__gr_1e-12_lr_1e-13_mu_1e-14,21708,hdbscan_umap,nt,hdbscan_umap/nt,5788,5788,0,0.0
PROKKA_06122025__gr_1e-12_lr_1e-13_mu_1e-14,21708,ppanggolin,aa,ppanggolin/aa,5788,5561,227,3.921907394609537
PROKKA_06122025__gr_1e-12_lr_1e-13_mu_1e-14,21708,panaroo,aa,panaroo/aa,5788,5561,227,3.921907394609537
PROKKA_06122025__gr_1e-12_lr_1e-13_mu_1e-14,21708,embed_hdbscan_raw,aa,embed_hdbscan_raw/aa,5788,5788,0,0.0
PROKKA_06122025__gr_1e-12_lr_1e-13_mu_1e-14,21708,embed_hdbscan_tsne,aa,embed_hdbscan_tsne/aa,5788,5788,0,0.0
PROKKA_06122025__gr_1e-12_lr_1e-13_mu_1e-14,21708,embed_hdbscan_umap,aa,embed_hdbscan_umap/aa,5788,5788,0,0.0
PROKKA_06122025__gr_1e-12_lr_1e-13_mu_1e-14,21708,mmseqs2,aa,mmseqs2/aa,5788,5788,0,0.0
PROKKA_06122025__gr_1e-12_lr_1e-13_mu_1e-14,21708,panta,aa,panta/aa,5788,5505,283,4.889426399447132
PROKKA_06122025__gr_1e-12_lr_1e-13_mu_1e-14,21708,hdbscan_dist,aa,hdbscan_dist/aa,5788,5788,0,0.0
PROKKA_06122025__gr_1e-12_lr_1e-13_mu_1e-14,21708,hdbscan_tsne,aa,hdbscan_tsne/aa,5788,5788,0,0.0
PROKKA_06122025__gr_1e-12_lr_1e-13_mu_1e-14,21708,hdbscan_umap,aa,hdbscan_umap/aa,5788,5788,0,0.0
PROKKA_06122025__gr_1e-12_lr_1e-13_mu_1e-14,21708,cdhit,nt,cdhit/nt,5788,5788,0,0.0
PROKKA_06122025__gr_1e-12_lr_1e-13_mu_1e-14,21708,mmseqs2,nt,mmseqs2/nt,5788,5788,0,0.0
PROKKA_06122025__gr_1e-12_lr_1e-13_mu_1e-14,25172,panx,aa,panx/aa,5597,5362,235,4.1986778631409685
PROKKA_06122025__gr_1e-12_lr_1e-13_mu_1e-14,25172,cdhit,aa,cdhit/aa,5597,5597,0,0.0
PROKKA_06122025__gr_1e-12_lr_1e-13_mu_1e-14,25172,diamond,aa,diamond/aa,5597,5597,0,0.0
PROKKA_06122025__gr_1e-12_lr_1e-13_mu_1e-14,25172,hdbscan_dist,nt,hdbscan_dist/nt,5597,5597,0,0.0
PROKKA_06122025__gr_1e-12_lr_1e-13_mu_1e-14,25172,hdbscan_tsne,nt,hdbscan_tsne/nt,5597,5597,0,0.0
PROKKA_06122025__gr_1e-12_lr_1e-13_mu_1e-14,25172,hdbscan_umap,nt,hdbscan_umap/nt,5597,5597,0,0.0
PROKKA_06122025__gr_1e-12_lr_1e-13_mu_1e-14,25172,ppanggolin,aa,ppanggolin/aa,5597,5413,184,3.2874754332678218
PROKKA_06122025__gr_1e-12_lr_1e-13_mu_1e-14,25172,panaroo,aa,panaroo/aa,5597,5413,184,3.2874754332678218
PROKKA_06122025__gr_1e-12_lr_1e-13_mu_1e-14,25172,embed_hdbscan_raw,aa,embed_hdbscan_raw/aa,5597,5597,0,0.0
PROKKA_06122025__gr_1e-12_lr_1e-13_mu_1e-14,25172,embed_hdbscan_tsne,aa,embed_hdbscan_tsne/aa,5597,5597,0,0.0
PROKKA_06122025__gr_1e-12_lr_1e-13_mu_1e-14,25172,embed_hdbscan_umap,aa,embed_hdbscan_umap/aa,5597,5597,0,0.0
PROKKA_06122025__gr_1e-12_lr_1e-13_mu_1e-14,25172,mmseqs2,aa,mmseqs2/aa,5597,5597,0,0.0
PROKKA_06122025__gr_1e-12_lr_1e-13_mu_1e-14,25172,panta,aa,panta/aa,5597,5368,229,4.0914775772735394
PROKKA_06122025__gr_1e-12_lr_1e-13_mu_1e-14,25172,hdbscan_dist,aa,hdbscan_dist/aa,5597,5597,0,0.0
PROKKA_06122025__gr_1e-12_lr_1e-13_mu_1e-14,25172,hdbscan_tsne,aa,hdbscan_tsne/aa,5597,5597,0,0.0
PROKKA_06122025__gr_1e-12_lr_1e-13_mu_1e-14,25172,hdbscan_umap,aa,hdbscan_umap/aa,5597,5597,0,0.0
PROKKA_06122025__gr_1e-12_lr_1e-13_mu_1e-14,25172,cdhit,nt,cdhit/nt,5597,5597,0,0.0
PROKKA_06122025__gr_1e-12_lr_1e-13_mu_1e-14,25172,mmseqs2,nt,mmseqs2/nt,5597,5597,0,0.0
PROKKA_06122025__gr_1e-12_lr_1e-13_mu_1e-14,25913,panx,aa,panx/aa,6035,5680,355,5.88235294117647
PROKKA_06122025__gr_1e-12_lr_1e-13_mu_1e-14,25913,cdhit,aa,cdhit/aa,6035,6035,0,0.0
PROKKA_06122025__gr_1e-12_lr_1e-13_mu_1e-14,25913,diamond,aa,diamond/aa,6035,6035,0,0.0
PROKKA_06122025__gr_1e-12_lr_1e-13_mu_1e-14,25913,hdbscan_dist,nt,hdbscan_dist/nt,6035,6035,0,0.0
PROKKA_06122025__gr_1e-12_lr_1e-13_mu_1e-14,25913,hdbscan_tsne,nt,hdbscan_tsne/nt,6035,6035,0,0.0
PROKKA_06122025__gr_1e-12_lr_1e-13_mu_1e-14,25913,hdbscan_umap,nt,hdbscan_umap/nt,6035,6035,0,0.0
PROKKA_06122025__gr_1e-12_lr_1e-13_mu_1e-14,25913,ppanggolin,aa,ppanggolin/aa,6035,5750,285,4.722452361226181
PROKKA_06122025__gr_1e-12_lr_1e-13_mu_1e-14,25913,panaroo,aa,panaroo/aa,6035,5750,285,4.722452361226181
PROKKA_06122025__gr_1e-12_lr_1e-13_mu_1e-14,25913,embed_hdbscan_raw,aa,embed_hdbscan_raw/aa,6035,6035,0,0.0
PROKKA_06122025__gr_1e-12_lr_1e-13_mu_1e-14,25913,embed_hdbscan_tsne,aa,embed_hdbscan_tsne/aa,6035,6035,0,0.0
PROKKA_06122025__gr_1e-12_lr_1e-13_mu_1e-14,25913,embed_hdbscan_umap,aa,embed_hdbscan_umap/aa,6035,6035,0,0.0
PROKKA_06122025__gr_1e-12_lr_1e-13_mu_1e-14,25913,mmseqs2,aa,mmseqs2/aa,6035,6035,0,0.0
PROKKA_06122025__gr_1e-12_lr_1e-13_mu_1e-14,25913,panta,aa,panta/aa,6035,5713,322,5.3355426677713345
PROKKA_06122025__gr_1e-12_lr_1e-13_mu_1e-14,25913,hdbscan_dist,aa,hdbscan_dist/aa,6035,6035,0,0.0
PROKKA_06122025__gr_1e-12_lr_1e-13_mu_1e-14,25913,hdbscan_tsne,aa,hdbscan_tsne/aa,6035,6035,0,0.0
PROKKA_06122025__gr_1e-12_lr_1e-13_mu_1e-14,25913,hdbscan_umap,aa,hdbscan_umap/aa,6035,6035,0,0.0
PROKKA_06122025__gr_1e-12_lr_1e-13_mu_1e-14,25913,cdhit,nt,cdhit/nt,6035,6035,0,0.0
PROKKA_06122025__gr_1e-12_lr_1e-13_mu_1e-14,25913,mmseqs2,nt,mmseqs2/nt,6035,6035,0,0.0
PROKKA_06122025__gr_1e-12_lr_1e-13_mu_1e-14,27347,panx,aa,panx/aa,5522,5263,259,4.690329590727997
PROKKA_06122025__gr_1e-12_lr_1e-13_mu_1e-14,27347,cdhit,aa,cdhit/aa,5522,5522,0,0.0
PROKKA_06122025__gr_1e-12_lr_1e-13_mu_1e-14,27347,diamond,aa,diamond/aa,5522,5522,0,0.0
PROKKA_06122025__gr_1e-12_lr_1e-13_mu_1e-14,27347,hdbscan_dist,nt,hdbscan_dist/nt,5522,5522,0,0.0
PROKKA_06122025__gr_1e-12_lr_1e-13_mu_1e-14,27347,hdbscan_tsne,nt,hdbscan_tsne/nt,5522,5522,0,0.0
PROKKA_06122025__gr_1e-12_lr_1e-13_mu_1e-14,27347,hdbscan_umap,nt,hdbscan_umap/nt,5522,5522,0,0.0
PROKKA_06122025__gr_1e-12_lr_1e-13_mu_1e-14,27347,ppanggolin,aa,ppanggolin/aa,5522,5372,150,2.716407098877218
PROKKA_06122025__gr_1e-12_lr_1e-13_mu_1e-14,27347,panaroo,aa,panaroo/aa,5522,5372,150,2.716407098877218
PROKKA_06122025__gr_1e-12_lr_1e-13_mu_1e-14,27347,embed_hdbscan_raw,aa,embed_hdbscan_raw/aa,5522,5522,0,0.0
PROKKA_06122025__gr_1e-12_lr_1e-13_mu_1e-14,27347,embed_hdbscan_tsne,aa,embed_hdbscan_tsne/aa,5522,5522,0,0.0
PROKKA_06122025__gr_1e-12_lr_1e-13_mu_1e-14,27347,embed_hdbscan_umap,aa,embed_hdbscan_umap/aa,5522,5522,0,0.0
PROKKA_06122025__gr_1e-12_lr_1e-13_mu_1e-14,27347,mmseqs2,aa,mmseqs2/aa,5522,5522,0,0.0
PROKKA_06122025__gr_1e-12_lr_1e-13_mu_1e-14,27347,panta,aa,panta/aa,5522,5339,183,3.314016660630206
PROKKA_06122025__gr_1e-12_lr_1e-13_mu_1e-14,27347,hdbscan_dist,aa,hdbscan_dist/aa,5522,5522,0,0.0
PROKKA_06122025__gr_1e-12_lr_1e-13_mu_1e-14,27347,hdbscan_tsne,aa,hdbscan_tsne/aa,5522,5522,0,0.0
PROKKA_06122025__gr_1e-12_lr_1e-13_mu_1e-14,27347,hdbscan_umap,aa,hdbscan_umap/aa,5522,5522,0,0.0
PROKKA_06122025__gr_1e-12_lr_1e-13_mu_1e-14,27347,cdhit,nt,cdhit/nt,5522,5522,0,0.0
PROKKA_06122025__gr_1e-12_lr_1e-13_mu_1e-14,27347,mmseqs2,nt,mmseqs2/nt,5522,5522,0,0.0
PROKKA_06122025__gr_1e-12_lr_1e-13_mu_1e-14,28734,panx,aa,panx/aa,6150,5808,342,5.560975609756098
PROKKA_06122025__gr_1e-12_lr_1e-13_mu_1e-14,28734,cdhit,aa,cdhit/aa,6150,6150,0,0.0
PROKKA_06122025__gr_1e-12_lr_1e-13_mu_1e-14,28734,diamond,aa,diamond/aa,6150,6150,0,0.0
PROKKA_06122025__gr_1e-12_lr_1e-13_mu_1e-14,28734,hdbscan_dist,nt,hdbscan_dist/nt,6150,6150,0,0.0
PROKKA_06122025__gr_1e-12_lr_1e-13_mu_1e-14,28734,hdbscan_tsne,nt,hdbscan_tsne/nt,6150,6150,0,0.0
PROKKA_06122025__gr_1e-12_lr_1e-13_mu_1e-14,28734,hdbscan_umap,nt,hdbscan_umap/nt,6150,6150,0,0.0
PROKKA_06122025__gr_1e-12_lr_1e-13_mu_1e-14,28734,ppanggolin,aa,ppanggolin/aa,6150,5884,266,4.32520325203252
PROKKA_06122025__gr_1e-12_lr_1e-13_mu_1e-14,28734,panaroo,aa,panaroo/aa,6150,5884,266,4.32520325203252
PROKKA_06122025__gr_1e-12_lr_1e-13_mu_1e-14,28734,embed_hdbscan_raw,aa,embed_hdbscan_raw/aa,6150,6150,0,0.0
PROKKA_06122025__gr_1e-12_lr_1e-13_mu_1e-14,28734,embed_hdbscan_tsne,aa,embed_hdbscan_tsne/aa,6150,6150,0,0.0
PROKKA_06122025__gr_1e-12_lr_1e-13_mu_1e-14,28734,embed_hdbscan_umap,aa,embed_hdbscan_umap/aa,6150,6150,0,0.0
PROKKA_06122025__gr_1e-12_lr_1e-13_mu_1e-14,28734,mmseqs2,aa,mmseqs2/aa,6150,6150,0,0.0
PROKKA_06122025__gr_1e-12_lr_1e-13_mu_1e-14,28734,panta,aa,panta/aa,6150,5831,319,5.1869918699187
PROKKA_06122025__gr_1e-12_lr_1e-13_mu_1e-14,28734,hdbscan_dist,aa,hdbscan_dist/aa,6150,6150,0,0.0
PROKKA_06122025__gr_1e-12_lr_1e-13_mu_1e-14,28734,hdbscan_tsne,aa,hdbscan_tsne/aa,6150,6150,0,0.0
PROKKA_06122025__gr_1e-12_lr_1e-13_mu_1e-14,28734,hdbscan_umap,aa,hdbscan_umap/aa,6150,6150,0,0.0
PROKKA_06122025__gr_1e-12_lr_1e-13_mu_1e-14,28734,cdhit,nt,cdhit/nt,6150,6150,0,0.0
PROKKA_06122025__gr_1e-12_lr_1e-13_mu_1e-14,28734,mmseqs2,nt,mmseqs2/nt,6150,6150,0,0.0
PROKKA_06122025__gr_1e-12_lr_1e-13_mu_1e-14,29492,panx,aa,panx/aa,5523,5320,203,3.67553865652725
PROKKA_06122025__gr_1e-12_lr_1e-13_mu_1e-14,29492,cdhit,aa,cdhit/aa,5523,5523,0,0.0
PROKKA_06122025__gr_1e-12_lr_1e-13_mu_1e-14,29492,diamond,aa,diamond/aa,5523,5523,0,0.0
PROKKA_06122025__gr_1e-12_lr_1e-13_mu_1e-14,29492,hdbscan_dist,nt,hdbscan_dist/nt,5523,5523,0,0.0
PROKKA_06122025__gr_1e-12_lr_1e-13_mu_1e-14,29492,hdbscan_tsne,nt,hdbscan_tsne/nt,5523,5523,0,0.0
PROKKA_06122025__gr_1e-12_lr_1e-13_mu_1e-14,29492,hdbscan_umap,nt,hdbscan_umap/nt,5523,5523,0,0.0
PROKKA_06122025__gr_1e-12_lr_1e-13_mu_1e-14,29492,ppanggolin,aa,ppanggolin/aa,5523,5373,150,2.715915263443781
PROKKA_06122025__gr_1e-12_lr_1e-13_mu_1e-14,29492,panaroo,aa,panaroo/aa,5523,5373,150,2.715915263443781
PROKKA_06122025__gr_1e-12_lr_1e-13_mu_1e-14,29492,embed_hdbscan_raw,aa,embed_hdbscan_raw/aa,5523,5523,0,0.0
PROKKA_06122025__gr_1e-12_lr_1e-13_mu_1e-14,29492,embed_hdbscan_tsne,aa,embed_hdbscan_tsne/aa,5523,5523,0,0.0
PROKKA_06122025__gr_1e-12_lr_1e-13_mu_1e-14,29492,embed_hdbscan_umap,aa,embed_hdbscan_umap/aa,5523,5523,0,0.0
PROKKA_06122025__gr_1e-12_lr_1e-13_mu_1e-14,29492,mmseqs2,aa,mmseqs2/aa,5523,5523,0,0.0
PROKKA_06122025__gr_1e-12_lr_1e-13_mu_1e-14,29492,panta,aa,panta/aa,5523,5337,186,3.3677349266702876
PROKKA_06122025__gr_1e-12_lr_1e-13_mu_1e-14,29492,hdbscan_dist,aa,hdbscan_dist/aa,5523,5523,0,0.0
PROKKA_06122025__gr_1e-12_lr_1e-13_mu_1e-14,29492,hdbscan_tsne,aa,hdbscan_tsne/aa,5523,5523,0,0.0
PROKKA_06122025__gr_1e-12_lr_1e-13_mu_1e-14,29492,hdbscan_umap,aa,hdbscan_umap/aa,5523,5523,0,0.0
PROKKA_06122025__gr_1e-12_lr_1e-13_mu_1e-14,29492,cdhit,nt,cdhit/nt,5523,5523,0,0.0
PROKKA_06122025__gr_1e-12_lr_1e-13_mu_1e-14,29492,mmseqs2,nt,mmseqs2/nt,5523,5523,0,0.0
PROKKA_06122025__gr_1e-12_lr_1e-13_mu_1e-14,30354,panx,aa,panx/aa,5998,5698,300,5.00166722240747
PROKKA_06122025__gr_1e-12_lr_1e-13_mu_1e-14,30354,cdhit,aa,cdhit/aa,5998,5998,0,0.0
PROKKA_06122025__gr_1e-12_lr_1e-13_mu_1e-14,30354,diamond,aa,diamond/aa,5998,5998,0,0.0
PROKKA_06122025__gr_1e-12_lr_1e-13_mu_1e-14,30354,hdbscan_dist,nt,hdbscan_dist/nt,5998,5998,0,0.0
PROKKA_06122025__gr_1e-12_lr_1e-13_mu_1e-14,30354,hdbscan_tsne,nt,hdbscan_tsne/nt,5998,5998,0,0.0
PROKKA_06122025__gr_1e-12_lr_1e-13_mu_1e-14,30354,hdbscan_umap,nt,hdbscan_umap/nt,5998,5998,0,0.0
PROKKA_06122025__gr_1e-12_lr_1e-13_mu_1e-14,30354,ppanggolin,aa,ppanggolin/aa,5998,5748,250,4.168056018672891
PROKKA_06122025__gr_1e-12_lr_1e-13_mu_1e-14,30354,panaroo,aa,panaroo/aa,5998,5748,250,4.168056018672891
PROKKA_06122025__gr_1e-12_lr_1e-13_mu_1e-14,30354,embed_hdbscan_raw,aa,embed_hdbscan_raw/aa,5998,5998,0,0.0
PROKKA_06122025__gr_1e-12_lr_1e-13_mu_1e-14,30354,embed_hdbscan_tsne,aa,embed_hdbscan_tsne/aa,5998,5998,0,0.0
PROKKA_06122025__gr_1e-12_lr_1e-13_mu_1e-14,30354,embed_hdbscan_umap,aa,embed_hdbscan_umap/aa,5998,5998,0,0.0
PROKKA_06122025__gr_1e-12_lr_1e-13_mu_1e-14,30354,mmseqs2,aa,mmseqs2/aa,5998,5998,0,0.0
PROKKA_06122025__gr_1e-12_lr_1e-13_mu_1e-14,30354,panta,aa,panta/aa,5998,5716,282,4.701567189063021
PROKKA_06122025__gr_1e-12_lr_1e-13_mu_1e-14,30354,hdbscan_dist,aa,hdbscan_dist/aa,5998,5998,0,0.0
PROKKA_06122025__gr_1e-12_lr_1e-13_mu_1e-14,30354,hdbscan_tsne,aa,hdbscan_tsne/aa,5998,5998,0,0.0
PROKKA_06122025__gr_1e-12_lr_1e-13_mu_1e-14,30354,hdbscan_umap,aa,hdbscan_umap/aa,5998,5998,0,0.0
PROKKA_06122025__gr_1e-12_lr_1e-13_mu_1e-14,30354,cdhit,nt,cdhit/nt,5998,5998,0,0.0
PROKKA_06122025__gr_1e-12_lr_1e-13_mu_1e-14,30354,mmseqs2,nt,mmseqs2/nt,5998,5998,0,0.0
PROKKA_06122025__gr_1e-12_lr_1e-13_mu_1e-14,31001,panx,aa,panx/aa,5909,5701,208,3.520054154679303
PROKKA_06122025__gr_1e-12_lr_1e-13_mu_1e-14,31001,cdhit,aa,cdhit/aa,5909,5909,0,0.0
PROKKA_06122025__gr_1e-12_lr_1e-13_mu_1e-14,31001,diamond,aa,diamond/aa,5909,5909,0,0.0
PROKKA_06122025__gr_1e-12_lr_1e-13_mu_1e-14,31001,hdbscan_dist,nt,hdbscan_dist/nt,5909,5909,0,0.0
PROKKA_06122025__gr_1e-12_lr_1e-13_mu_1e-14,31001,hdbscan_tsne,nt,hdbscan_tsne/nt,5909,5909,0,0.0
PROKKA_06122025__gr_1e-12_lr_1e-13_mu_1e-14,31001,hdbscan_umap,nt,hdbscan_umap/nt,5909,5909,0,0.0
PROKKA_06122025__gr_1e-12_lr_1e-13_mu_1e-14,31001,ppanggolin,aa,ppanggolin/aa,5909,5778,131,2.2169571839566764
PROKKA_06122025__gr_1e-12_lr_1e-13_mu_1e-14,31001,panaroo,aa,panaroo/aa,5909,5778,131,2.2169571839566764
PROKKA_06122025__gr_1e-12_lr_1e-13_mu_1e-14,31001,embed_hdbscan_raw,aa,embed_hdbscan_raw/aa,5909,5909,0,0.0
PROKKA_06122025__gr_1e-12_lr_1e-13_mu_1e-14,31001,embed_hdbscan_tsne,aa,embed_hdbscan_tsne/aa,5909,5909,0,0.0
PROKKA_06122025__gr_1e-12_lr_1e-13_mu_1e-14,31001,embed_hdbscan_umap,aa,embed_hdbscan_umap/aa,5909,5909,0,0.0
PROKKA_06122025__gr_1e-12_lr_1e-13_mu_1e-14,31001,mmseqs2,aa,mmseqs2/aa,5909,5909,0,0.0
PROKKA_06122025__gr_1e-12_lr_1e-13_mu_1e-14,31001,panta,aa,panta/aa,5909,5732,177,2.9954306989338297
PROKKA_06122025__gr_1e-12_lr_1e-13_mu_1e-14,31001,hdbscan_dist,aa,hdbscan_dist/aa,5909,5909,0,0.0
PROKKA_06122025__gr_1e-12_lr_1e-13_mu_1e-14,31001,hdbscan_tsne,aa,hdbscan_tsne/aa,5909,5909,0,0.0
PROKKA_06122025__gr_1e-12_lr_1e-13_mu_1e-14,31001,hdbscan_umap,aa,hdbscan_umap/aa,5909,5909,0,0.0
PROKKA_06122025__gr_1e-12_lr_1e-13_mu_1e-14,31001,cdhit,nt,cdhit/nt,5909,5909,0,0.0
PROKKA_06122025__gr_1e-12_lr_1e-13_mu_1e-14,31001,mmseqs2,nt,mmseqs2/nt,5909,5909,0,0.0
PROKKA_06122025__gr_1e-12_lr_1e-13_mu_1e-14,31375,panx,aa,panx/aa,6451,6072,379,5.875058130522399
PROKKA_06122025__gr_1e-12_lr_1e-13_mu_1e-14,31375,cdhit,aa,cdhit/aa,6451,6451,0,0.0
PROKKA_06122025__gr_1e-12_lr_1e-13_mu_1e-14,31375,diamond,aa,diamond/aa,6451,6451,0,0.0
PROKKA_06122025__gr_1e-12_lr_1e-13_mu_1e-14,31375,hdbscan_dist,nt,hdbscan_dist/nt,6451,6451,0,0.0
PROKKA_06122025__gr_1e-12_lr_1e-13_mu_1e-14,31375,hdbscan_tsne,nt,hdbscan_tsne/nt,6451,6451,0,0.0
PROKKA_06122025__gr_1e-12_lr_1e-13_mu_1e-14,31375,hdbscan_umap,nt,hdbscan_umap/nt,6451,6451,0,0.0
PROKKA_06122025__gr_1e-12_lr_1e-13_mu_1e-14,31375,ppanggolin,aa,ppanggolin/aa,6451,6129,322,4.991474190048054
PROKKA_06122025__gr_1e-12_lr_1e-13_mu_1e-14,31375,panaroo,aa,panaroo/aa,6451,6129,322,4.991474190048054
PROKKA_06122025__gr_1e-12_lr_1e-13_mu_1e-14,31375,embed_hdbscan_raw,aa,embed_hdbscan_raw/aa,6451,6451,0,0.0
PROKKA_06122025__gr_1e-12_lr_1e-13_mu_1e-14,31375,embed_hdbscan_tsne,aa,embed_hdbscan_tsne/aa,6451,6451,0,0.0
PROKKA_06122025__gr_1e-12_lr_1e-13_mu_1e-14,31375,embed_hdbscan_umap,aa,embed_hdbscan_umap/aa,6451,6451,0,0.0
PROKKA_06122025__gr_1e-12_lr_1e-13_mu_1e-14,31375,mmseqs2,aa,mmseqs2/aa,6451,6451,0,0.0
PROKKA_06122025__gr_1e-12_lr_1e-13_mu_1e-14,31375,panta,aa,panta/aa,6451,6085,366,5.673538986203689
PROKKA_06122025__gr_1e-12_lr_1e-13_mu_1e-14,31375,hdbscan_dist,aa,hdbscan_dist/aa,6451,6451,0,0.0
PROKKA_06122025__gr_1e-12_lr_1e-13_mu_1e-14,31375,hdbscan_tsne,aa,hdbscan_tsne/aa,6451,6451,0,0.0
PROKKA_06122025__gr_1e-12_lr_1e-13_mu_1e-14,31375,hdbscan_umap,aa,hdbscan_umap/aa,6451,6451,0,0.0
PROKKA_06122025__gr_1e-12_lr_1e-13_mu_1e-14,31375,cdhit,nt,cdhit/nt,6451,6451,0,0.0
PROKKA_06122025__gr_1e-12_lr_1e-13_mu_1e-14,31375,mmseqs2,nt,mmseqs2/nt,6451,6451,0,0.0
PROKKA_06122025__gr_1e-12_lr_1e-13_mu_1e-14,35787,panx,aa,panx/aa,6836,6148,688,10.064365125804564
PROKKA_06122025__gr_1e-12_lr_1e-13_mu_1e-14,35787,cdhit,aa,cdhit/aa,6836,6836,0,0.0
PROKKA_06122025__gr_1e-12_lr_1e-13_mu_1e-14,35787,diamond,aa,diamond/aa,6836,6836,0,0.0
PROKKA_06122025__gr_1e-12_lr_1e-13_mu_1e-14,35787,hdbscan_dist,nt,hdbscan_dist/nt,6836,6836,0,0.0
PROKKA_06122025__gr_1e-12_lr_1e-13_mu_1e-14,35787,hdbscan_tsne,nt,hdbscan_tsne/nt,6836,6836,0,0.0
PROKKA_06122025__gr_1e-12_lr_1e-13_mu_1e-14,35787,hdbscan_umap,nt,hdbscan_umap/nt,6836,6836,0,0.0
PROKKA_06122025__gr_1e-12_lr_1e-13_mu_1e-14,35787,ppanggolin,aa,ppanggolin/aa,6836,6184,652,9.537741369221767
PROKKA_06122025__gr_1e-12_lr_1e-13_mu_1e-14,35787,panaroo,aa,panaroo/aa,6836,6184,652,9.537741369221767
PROKKA_06122025__gr_1e-12_lr_1e-13_mu_1e-14,35787,embed_hdbscan_raw,aa,embed_hdbscan_raw/aa,6836,6836,0,0.0
PROKKA_06122025__gr_1e-12_lr_1e-13_mu_1e-14,35787,embed_hdbscan_tsne,aa,embed_hdbscan_tsne/aa,6836,6836,0,0.0
PROKKA_06122025__gr_1e-12_lr_1e-13_mu_1e-14,35787,embed_hdbscan_umap,aa,embed_hdbscan_umap/aa,6836,6836,0,0.0
PROKKA_06122025__gr_1e-12_lr_1e-13_mu_1e-14,35787,mmseqs2,aa,mmseqs2/aa,6836,6836,0,0.0
PROKKA_06122025__gr_1e-12_lr_1e-13_mu_1e-14,35787,panta,aa,panta/aa,6836,6126,710,10.386190754827386
PROKKA_06122025__gr_1e-12_lr_1e-13_mu_1e-14,35787,hdbscan_dist,aa,hdbscan_dist/aa,6836,6836,0,0.0
PROKKA_06122025__gr_1e-12_lr_1e-13_mu_1e-14,35787,hdbscan_tsne,aa,hdbscan_tsne/aa,6836,6836,0,0.0
PROKKA_06122025__gr_1e-12_lr_1e-13_mu_1e-14,35787,hdbscan_umap,aa,hdbscan_umap/aa,6836,6836,0,0.0
PROKKA_06122025__gr_1e-12_lr_1e-13_mu_1e-14,35787,cdhit,nt,cdhit/nt,6836,6836,0,0.0
PROKKA_06122025__gr_1e-12_lr_1e-13_mu_1e-14,35787,mmseqs2,nt,mmseqs2/nt,6836,6836,0,0.0
PROKKA_06122025__gr_1e-12_lr_1e-13_mu_1e-14,40547,panx,aa,panx/aa,6383,5974,409,6.4076453078489735
PROKKA_06122025__gr_1e-12_lr_1e-13_mu_1e-14,40547,cdhit,aa,cdhit/aa,6383,6383,0,0.0
PROKKA_06122025__gr_1e-12_lr_1e-13_mu_1e-14,40547,diamond,aa,diamond/aa,6383,6383,0,0.0
PROKKA_06122025__gr_1e-12_lr_1e-13_mu_1e-14,40547,hdbscan_dist,nt,hdbscan_dist/nt,6383,6383,0,0.0
PROKKA_06122025__gr_1e-12_lr_1e-13_mu_1e-14,40547,hdbscan_tsne,nt,hdbscan_tsne/nt,6383,6383,0,0.0
PROKKA_06122025__gr_1e-12_lr_1e-13_mu_1e-14,40547,hdbscan_umap,nt,hdbscan_umap/nt,6383,6383,0,0.0
PROKKA_06122025__gr_1e-12_lr_1e-13_mu_1e-14,40547,ppanggolin,aa,ppanggolin/aa,6383,6045,338,5.295315682281059
PROKKA_06122025__gr_1e-12_lr_1e-13_mu_1e-14,40547,panaroo,aa,panaroo/aa,6383,6045,338,5.295315682281059
PROKKA_06122025__gr_1e-12_lr_1e-13_mu_1e-14,40547,embed_hdbscan_raw,aa,embed_hdbscan_raw/aa,6383,6383,0,0.0
PROKKA_06122025__gr_1e-12_lr_1e-13_mu_1e-14,40547,embed_hdbscan_tsne,aa,embed_hdbscan_tsne/aa,6383,6383,0,0.0
PROKKA_06122025__gr_1e-12_lr_1e-13_mu_1e-14,40547,embed_hdbscan_umap,aa,embed_hdbscan_umap/aa,6383,6383,0,0.0
PROKKA_06122025__gr_1e-12_lr_1e-13_mu_1e-14,40547,mmseqs2,aa,mmseqs2/aa,6383,6383,0,0.0
PROKKA_06122025__gr_1e-12_lr_1e-13_mu_1e-14,40547,panta,aa,panta/aa,6383,6014,369,5.780980730064233
PROKKA_06122025__gr_1e-12_lr_1e-13_mu_1e-14,40547,hdbscan_dist,aa,hdbscan_dist/aa,6383,6383,0,0.0
PROKKA_06122025__gr_1e-12_lr_1e-13_mu_1e-14,40547,hdbscan_tsne,aa,hdbscan_tsne/aa,6383,6383,0,0.0
PROKKA_06122025__gr_1e-12_lr_1e-13_mu_1e-14,40547,hdbscan_umap,aa,hdbscan_umap/aa,6383,6383,0,0.0
PROKKA_06122025__gr_1e-12_lr_1e-13_mu_1e-14,40547,cdhit,nt,cdhit/nt,6383,6383,0,0.0
PROKKA_06122025__gr_1e-12_lr_1e-13_mu_1e-14,40547,mmseqs2,nt,mmseqs2/nt,6383,6383,0,0.0
PROKKA_06122025__gr_1e-12_lr_1e-13_mu_1e-14,46118,panx,aa,panx/aa,6733,6267,466,6.921134709639092
PROKKA_06122025__gr_1e-12_lr_1e-13_mu_1e-14,46118,cdhit,aa,cdhit/aa,6733,6733,0,0.0
PROKKA_06122025__gr_1e-12_lr_1e-13_mu_1e-14,46118,diamond,aa,diamond/aa,6733,6733,0,0.0
PROKKA_06122025__gr_1e-12_lr_1e-13_mu_1e-14,46118,hdbscan_dist,nt,hdbscan_dist/nt,6733,6733,0,0.0
PROKKA_06122025__gr_1e-12_lr_1e-13_mu_1e-14,46118,hdbscan_tsne,nt,hdbscan_tsne/nt,6733,6733,0,0.0
PROKKA_06122025__gr_1e-12_lr_1e-13_mu_1e-14,46118,hdbscan_umap,nt,hdbscan_umap/nt,6733,6733,0,0.0
PROKKA_06122025__gr_1e-12_lr_1e-13_mu_1e-14,46118,ppanggolin,aa,ppanggolin/aa,6733,6311,422,6.267637011733254
PROKKA_06122025__gr_1e-12_lr_1e-13_mu_1e-14,46118,panaroo,aa,panaroo/aa,6733,6311,422,6.267637011733254
PROKKA_06122025__gr_1e-12_lr_1e-13_mu_1e-14,46118,embed_hdbscan_raw,aa,embed_hdbscan_raw/aa,6733,6733,0,0.0
PROKKA_06122025__gr_1e-12_lr_1e-13_mu_1e-14,46118,embed_hdbscan_tsne,aa,embed_hdbscan_tsne/aa,6733,6733,0,0.0
PROKKA_06122025__gr_1e-12_lr_1e-13_mu_1e-14,46118,embed_hdbscan_umap,aa,embed_hdbscan_umap/aa,6733,6733,0,0.0
PROKKA_06122025__gr_1e-12_lr_1e-13_mu_1e-14,46118,mmseqs2,aa,mmseqs2/aa,6733,6733,0,0.0
PROKKA_06122025__gr_1e-12_lr_1e-13_mu_1e-14,46118,panta,aa,panta/aa,6733,6284,449,6.668646962720927
PROKKA_06122025__gr_1e-12_lr_1e-13_mu_1e-14,46118,hdbscan_dist,aa,hdbscan_dist/aa,6733,6733,0,0.0
PROKKA_06122025__gr_1e-12_lr_1e-13_mu_1e-14,46118,hdbscan_tsne,aa,hdbscan_tsne/aa,6733,6733,0,0.0
PROKKA_06122025__gr_1e-12_lr_1e-13_mu_1e-14,46118,hdbscan_umap,aa,hdbscan_umap/aa,6733,6733,0,0.0
PROKKA_06122025__gr_1e-12_lr_1e-13_mu_1e-14,46118,cdhit,nt,cdhit/nt,6733,6733,0,0.0
PROKKA_06122025__gr_1e-12_lr_1e-13_mu_1e-14,46118,mmseqs2,nt,mmseqs2/nt,6733,6733,0,0.0
PROKKA_06122025__gr_1e-12_lr_1e-13_mu_1e-14,49444,panx,aa,panx/aa,6984,6547,437,6.257159221076747
PROKKA_06122025__gr_1e-12_lr_1e-13_mu_1e-14,49444,cdhit,aa,cdhit/aa,6984,6984,0,0.0
PROKKA_06122025__gr_1e-12_lr_1e-13_mu_1e-14,49444,diamond,aa,diamond/aa,6984,6984,0,0.0
PROKKA_06122025__gr_1e-12_lr_1e-13_mu_1e-14,49444,hdbscan_dist,nt,hdbscan_dist/nt,6984,6984,0,0.0
PROKKA_06122025__gr_1e-12_lr_1e-13_mu_1e-14,49444,hdbscan_tsne,nt,hdbscan_tsne/nt,6984,6984,0,0.0
PROKKA_06122025__gr_1e-12_lr_1e-13_mu_1e-14,49444,hdbscan_umap,nt,hdbscan_umap/nt,6984,6984,0,0.0
PROKKA_06122025__gr_1e-12_lr_1e-13_mu_1e-14,49444,ppanggolin,aa,ppanggolin/aa,6984,6644,340,4.868270332187858
PROKKA_06122025__gr_1e-12_lr_1e-13_mu_1e-14,49444,panaroo,aa,panaroo/aa,6984,6644,340,4.868270332187858
PROKKA_06122025__gr_1e-12_lr_1e-13_mu_1e-14,49444,embed_hdbscan_raw,aa,embed_hdbscan_raw/aa,6984,6984,0,0.0
PROKKA_06122025__gr_1e-12_lr_1e-13_mu_1e-14,49444,embed_hdbscan_tsne,aa,embed_hdbscan_tsne/aa,6984,6984,0,0.0
PROKKA_06122025__gr_1e-12_lr_1e-13_mu_1e-14,49444,embed_hdbscan_umap,aa,embed_hdbscan_umap/aa,6984,6984,0,0.0
PROKKA_06122025__gr_1e-12_lr_1e-13_mu_1e-14,49444,mmseqs2,aa,mmseqs2/aa,6984,6984,0,0.0
PROKKA_06122025__gr_1e-12_lr_1e-13_mu_1e-14,49444,panta,aa,panta/aa,6984,6598,386,5.526918671248568
PROKKA_06122025__gr_1e-12_lr_1e-13_mu_1e-14,49444,hdbscan_dist,aa,hdbscan_dist/aa,6984,6984,0,0.0
PROKKA_06122025__gr_1e-12_lr_1e-13_mu_1e-14,49444,hdbscan_tsne,aa,hdbscan_tsne/aa,6984,6984,0,0.0
PROKKA_06122025__gr_1e-12_lr_1e-13_mu_1e-14,49444,hdbscan_umap,aa,hdbscan_umap/aa,6984,6984,0,0.0
PROKKA_06122025__gr_1e-12_lr_1e-13_mu_1e-14,49444,cdhit,nt,cdhit/nt,6984,6984,0,0.0
PROKKA_06122025__gr_1e-12_lr_1e-13_mu_1e-14,49444,mmseqs2,nt,mmseqs2/nt,6984,6984,0,0.0
PROKKA_06122025__gr_1e-12_lr_1e-13_mu_1e-14,53144,panx,aa,panx/aa,6357,6098,259,4.074248859524933
PROKKA_06122025__gr_1e-12_lr_1e-13_mu_1e-14,53144,cdhit,aa,cdhit/aa,6357,6357,0,0.0
PROKKA_06122025__gr_1e-12_lr_1e-13_mu_1e-14,53144,diamond,aa,diamond/aa,6357,6357,0,0.0
PROKKA_06122025__gr_1e-12_lr_1e-13_mu_1e-14,53144,hdbscan_dist,nt,hdbscan_dist/nt,6357,6357,0,0.0
PROKKA_06122025__gr_1e-12_lr_1e-13_mu_1e-14,53144,hdbscan_tsne,nt,hdbscan_tsne/nt,6357,6357,0,0.0
PROKKA_06122025__gr_1e-12_lr_1e-13_mu_1e-14,53144,hdbscan_umap,nt,hdbscan_umap/nt,6357,6357,0,0.0
PROKKA_06122025__gr_1e-12_lr_1e-13_mu_1e-14,53144,ppanggolin,aa,ppanggolin/aa,6357,6155,202,3.1775994966179013
PROKKA_06122025__gr_1e-12_lr_1e-13_mu_1e-14,53144,panaroo,aa,panaroo/aa,6357,6155,202,3.1775994966179013
PROKKA_06122025__gr_1e-12_lr_1e-13_mu_1e-14,53144,embed_hdbscan_raw,aa,embed_hdbscan_raw/aa,6357,6357,0,0.0
PROKKA_06122025__gr_1e-12_lr_1e-13_mu_1e-14,53144,embed_hdbscan_tsne,aa,embed_hdbscan_tsne/aa,6357,6357,0,0.0
PROKKA_06122025__gr_1e-12_lr_1e-13_mu_1e-14,53144,embed_hdbscan_umap,aa,embed_hdbscan_umap/aa,6357,6357,0,0.0
PROKKA_06122025__gr_1e-12_lr_1e-13_mu_1e-14,53144,mmseqs2,aa,mmseqs2/aa,6357,6357,0,0.0
PROKKA_06122025__gr_1e-12_lr_1e-13_mu_1e-14,53144,panta,aa,panta/aa,6357,6107,250,3.9326726443290863
PROKKA_06122025__gr_1e-12_lr_1e-13_mu_1e-14,53144,hdbscan_dist,aa,hdbscan_dist/aa,6357,6357,0,0.0
PROKKA_06122025__gr_1e-12_lr_1e-13_mu_1e-14,53144,hdbscan_tsne,aa,hdbscan_tsne/aa,6357,6357,0,0.0
PROKKA_06122025__gr_1e-12_lr_1e-13_mu_1e-14,53144,hdbscan_umap,aa,hdbscan_umap/aa,6357,6357,0,0.0
PROKKA_06122025__gr_1e-12_lr_1e-13_mu_1e-14,53144,cdhit,nt,cdhit/nt,6357,6357,0,0.0
PROKKA_06122025__gr_1e-12_lr_1e-13_mu_1e-14,53144,mmseqs2,nt,mmseqs2/nt,6357,6357,0,0.0
PROKKA_06122025__gr_1e-12_lr_1e-13_mu_1e-14,54634,panx,aa,panx/aa,6705,6205,500,7.457121551081284
PROKKA_06122025__gr_1e-12_lr_1e-13_mu_1e-14,54634,cdhit,aa,cdhit/aa,6705,6705,0,0.0
PROKKA_06122025__gr_1e-12_lr_1e-13_mu_1e-14,54634,diamond,aa,diamond/aa,6705,6705,0,0.0
PROKKA_06122025__gr_1e-12_lr_1e-13_mu_1e-14,54634,hdbscan_dist,nt,hdbscan_dist/nt,6705,6705,0,0.0
PROKKA_06122025__gr_1e-12_lr_1e-13_mu_1e-14,54634,hdbscan_tsne,nt,hdbscan_tsne/nt,6705,6705,0,0.0
PROKKA_06122025__gr_1e-12_lr_1e-13_mu_1e-14,54634,hdbscan_umap,nt,hdbscan_umap/nt,6705,6705,0,0.0
PROKKA_06122025__gr_1e-12_lr_1e-13_mu_1e-14,54634,ppanggolin,aa,ppanggolin/aa,6705,6246,459,6.845637583892618
PROKKA_06122025__gr_1e-12_lr_1e-13_mu_1e-14,54634,panaroo,aa,panaroo/aa,6705,6246,459,6.845637583892618
PROKKA_06122025__gr_1e-12_lr_1e-13_mu_1e-14,54634,embed_hdbscan_raw,aa,embed_hdbscan_raw/aa,6705,6705,0,0.0
PROKKA_06122025__gr_1e-12_lr_1e-13_mu_1e-14,54634,embed_hdbscan_tsne,aa,embed_hdbscan_tsne/aa,6705,6705,0,0.0
PROKKA_06122025__gr_1e-12_lr_1e-13_mu_1e-14,54634,embed_hdbscan_umap,aa,embed_hdbscan_umap/aa,6705,6705,0,0.0
PROKKA_06122025__gr_1e-12_lr_1e-13_mu_1e-14,54634,mmseqs2,aa,mmseqs2/aa,6705,6705,0,0.0
PROKKA_06122025__gr_1e-12_lr_1e-13_mu_1e-14,54634,panta,aa,panta/aa,6705,6202,503,7.501864280387769
PROKKA_06122025__gr_1e-12_lr_1e-13_mu_1e-14,54634,hdbscan_dist,aa,hdbscan_dist/aa,6705,6705,0,0.0
PROKKA_06122025__gr_1e-12_lr_1e-13_mu_1e-14,54634,hdbscan_tsne,aa,hdbscan_tsne/aa,6705,6705,0,0.0
PROKKA_06122025__gr_1e-12_lr_1e-13_mu_1e-14,54634,hdbscan_umap,aa,hdbscan_umap/aa,6705,6705,0,0.0
PROKKA_06122025__gr_1e-12_lr_1e-13_mu_1e-14,54634,cdhit,nt,cdhit/nt,6705,6705,0,0.0
PROKKA_06122025__gr_1e-12_lr_1e-13_mu_1e-14,54634,mmseqs2,nt,mmseqs2/nt,6705,6705,0,0.0
PROKKA_06122025__gr_1e-12_lr_1e-13_mu_1e-14,56065,panx,aa,panx/aa,5391,5221,170,3.1534038211834536
PROKKA_06122025__gr_1e-12_lr_1e-13_mu_1e-14,56065,cdhit,aa,cdhit/aa,5391,5391,0,0.0
PROKKA_06122025__gr_1e-12_lr_1e-13_mu_1e-14,56065,diamond,aa,diamond/aa,5391,5391,0,0.0
PROKKA_06122025__gr_1e-12_lr_1e-13_mu_1e-14,56065,hdbscan_dist,nt,hdbscan_dist/nt,5391,5391,0,0.0
PROKKA_06122025__gr_1e-12_lr_1e-13_mu_1e-14,56065,hdbscan_tsne,nt,hdbscan_tsne/nt,5391,5391,0,0.0
PROKKA_06122025__gr_1e-12_lr_1e-13_mu_1e-14,56065,hdbscan_umap,nt,hdbscan_umap/nt,5391,5391,0,0.0
PROKKA_06122025__gr_1e-12_lr_1e-13_mu_1e-14,56065,ppanggolin,aa,ppanggolin/aa,5391,5265,126,2.337228714524207
PROKKA_06122025__gr_1e-12_lr_1e-13_mu_1e-14,56065,panaroo,aa,panaroo/aa,5391,5265,126,2.337228714524207
PROKKA_06122025__gr_1e-12_lr_1e-13_mu_1e-14,56065,embed_hdbscan_raw,aa,embed_hdbscan_raw/aa,5391,5391,0,0.0
PROKKA_06122025__gr_1e-12_lr_1e-13_mu_1e-14,56065,embed_hdbscan_tsne,aa,embed_hdbscan_tsne/aa,5391,5391,0,0.0
PROKKA_06122025__gr_1e-12_lr_1e-13_mu_1e-14,56065,embed_hdbscan_umap,aa,embed_hdbscan_umap/aa,5391,5391,0,0.0
PROKKA_06122025__gr_1e-12_lr_1e-13_mu_1e-14,56065,mmseqs2,aa,mmseqs2/aa,5391,5391,0,0.0
PROKKA_06122025__gr_1e-12_lr_1e-13_mu_1e-14,56065,panta,aa,panta/aa,5391,5238,153,2.8380634390651087
PROKKA_06122025__gr_1e-12_lr_1e-13_mu_1e-14,56065,hdbscan_dist,aa,hdbscan_dist/aa,5391,5391,0,0.0
PROKKA_06122025__gr_1e-12_lr_1e-13_mu_1e-14,56065,hdbscan_tsne,aa,hdbscan_tsne/aa,5391,5391,0,0.0
PROKKA_06122025__gr_1e-12_lr_1e-13_mu_1e-14,56065,hdbscan_umap,aa,hdbscan_umap/aa,5391,5391,0,0.0
PROKKA_06122025__gr_1e-12_lr_1e-13_mu_1e-14,56065,cdhit,nt,cdhit/nt,5391,5391,0,0.0
PROKKA_06122025__gr_1e-12_lr_1e-13_mu_1e-14,56065,mmseqs2,nt,mmseqs2/nt,5391,5391,0,0.0
PROKKA_06122025__gr_1e-12_lr_1e-13_mu_1e-14,60207,panx,aa,panx/aa,6572,6072,500,7.608034083992695
PROKKA_06122025__gr_1e-12_lr_1e-13_mu_1e-14,60207,cdhit,aa,cdhit/aa,6572,6572,0,0.0
PROKKA_06122025__gr_1e-12_lr_1e-13_mu_1e-14,60207,diamond,aa,diamond/aa,6572,6572,0,0.0
PROKKA_06122025__gr_1e-12_lr_1e-13_mu_1e-14,60207,hdbscan_dist,nt,hdbscan_dist/nt,6572,6572,0,0.0
PROKKA_06122025__gr_1e-12_lr_1e-13_mu_1e-14,60207,hdbscan_tsne,nt,hdbscan_tsne/nt,6572,6572,0,0.0
PROKKA_06122025__gr_1e-12_lr_1e-13_mu_1e-14,60207,hdbscan_umap,nt,hdbscan_umap/nt,6572,6572,0,0.0
PROKKA_06122025__gr_1e-12_lr_1e-13_mu_1e-14,60207,ppanggolin,aa,ppanggolin/aa,6572,6104,468,7.121119902617163
PROKKA_06122025__gr_1e-12_lr_1e-13_mu_1e-14,60207,panaroo,aa,panaroo/aa,6572,6104,468,7.121119902617163
PROKKA_06122025__gr_1e-12_lr_1e-13_mu_1e-14,60207,embed_hdbscan_raw,aa,embed_hdbscan_raw/aa,6572,6572,0,0.0
PROKKA_06122025__gr_1e-12_lr_1e-13_mu_1e-14,60207,embed_hdbscan_tsne,aa,embed_hdbscan_tsne/aa,6572,6572,0,0.0
PROKKA_06122025__gr_1e-12_lr_1e-13_mu_1e-14,60207,embed_hdbscan_umap,aa,embed_hdbscan_umap/aa,6572,6572,0,0.0
PROKKA_06122025__gr_1e-12_lr_1e-13_mu_1e-14,60207,mmseqs2,aa,mmseqs2/aa,6572,6572,0,0.0
PROKKA_06122025__gr_1e-12_lr_1e-13_mu_1e-14,60207,panta,aa,panta/aa,6572,6055,517,7.866707242848447
PROKKA_06122025__gr_1e-12_lr_1e-13_mu_1e-14,60207,hdbscan_dist,aa,hdbscan_dist/aa,6572,6572,0,0.0
PROKKA_06122025__gr_1e-12_lr_1e-13_mu_1e-14,60207,hdbscan_tsne,aa,hdbscan_tsne/aa,6572,6572,0,0.0
PROKKA_06122025__gr_1e-12_lr_1e-13_mu_1e-14,60207,hdbscan_umap,aa,hdbscan_umap/aa,6572,6572,0,0.0
PROKKA_06122025__gr_1e-12_lr_1e-13_mu_1e-14,60207,cdhit,nt,cdhit/nt,6572,6572,0,0.0
PROKKA_06122025__gr_1e-12_lr_1e-13_mu_1e-14,60207,mmseqs2,nt,mmseqs2/nt,6572,6572,0,0.0
PROKKA_06122025__gr_1e-12_lr_1e-13_mu_1e-14,62092,panx,aa,panx/aa,5879,5490,389,6.616771559789079
PROKKA_06122025__gr_1e-12_lr_1e-13_mu_1e-14,62092,cdhit,aa,cdhit/aa,5879,5879,0,0.0
PROKKA_06122025__gr_1e-12_lr_1e-13_mu_1e-14,62092,diamond,aa,diamond/aa,5879,5879,0,0.0
PROKKA_06122025__gr_1e-12_lr_1e-13_mu_1e-14,62092,hdbscan_dist,nt,hdbscan_dist/nt,5879,5879,0,0.0
PROKKA_06122025__gr_1e-12_lr_1e-13_mu_1e-14,62092,hdbscan_tsne,nt,hdbscan_tsne/nt,5879,5879,0,0.0
PROKKA_06122025__gr_1e-12_lr_1e-13_mu_1e-14,62092,hdbscan_umap,nt,hdbscan_umap/nt,5879,5879,0,0.0
PROKKA_06122025__gr_1e-12_lr_1e-13_mu_1e-14,62092,ppanggolin,aa,ppanggolin/aa,5879,5529,350,5.953393434257527
PROKKA_06122025__gr_1e-12_lr_1e-13_mu_1e-14,62092,panaroo,aa,panaroo/aa,5879,5529,350,5.953393434257527
PROKKA_06122025__gr_1e-12_lr_1e-13_mu_1e-14,62092,embed_hdbscan_raw,aa,embed_hdbscan_raw/aa,5879,5879,0,0.0
PROKKA_06122025__gr_1e-12_lr_1e-13_mu_1e-14,62092,embed_hdbscan_tsne,aa,embed_hdbscan_tsne/aa,5879,5879,0,0.0
PROKKA_06122025__gr_1e-12_lr_1e-13_mu_1e-14,62092,embed_hdbscan_umap,aa,embed_hdbscan_umap/aa,5879,5879,0,0.0
PROKKA_06122025__gr_1e-12_lr_1e-13_mu_1e-14,62092,mmseqs2,aa,mmseqs2/aa,5879,5879,0,0.0
PROKKA_06122025__gr_1e-12_lr_1e-13_mu_1e-14,62092,panta,aa,panta/aa,5879,5484,395,6.71882973294778
PROKKA_06122025__gr_1e-12_lr_1e-13_mu_1e-14,62092,hdbscan_dist,aa,hdbscan_dist/aa,5879,5879,0,0.0
PROKKA_06122025__gr_1e-12_lr_1e-13_mu_1e-14,62092,hdbscan_tsne,aa,hdbscan_tsne/aa,5879,5879,0,0.0
PROKKA_06122025__gr_1e-12_lr_1e-13_mu_1e-14,62092,hdbscan_umap,aa,hdbscan_umap/aa,5879,5879,0,0.0
PROKKA_06122025__gr_1e-12_lr_1e-13_mu_1e-14,62092,cdhit,nt,cdhit/nt,5879,5879,0,0.0
PROKKA_06122025__gr_1e-12_lr_1e-13_mu_1e-14,62092,mmseqs2,nt,mmseqs2/nt,5879,5879,0,0.0
